ASIN,Category,Product Link,No of Seller,Rank,Rating,Reviews Count,Price,Quantity
B079QHML21,Electronics,https://www.amazon.com/gp/offer-listing/B079QHML21/ref=dp_olp_new_mbc?ie=UTF8&amp;condition=all,1,1,4.7,"640,721",$4.00 ,3
B07FZ8S74R,Electronics,https://www.amazon.com/gp/offer-listing/B07FZ8S74R/ref=dp_olp_new_mbc?ie=UTF8&amp;condition=all,1,2,4.7,"854,114",$4.22 ,6
B07XJ8C8F5,Electronics,https://www.amazon.com/gp/offer-listing/B07XJ8C8F5/ref=dp_olp_new_mbc?ie=UTF8&amp;condition=all,1,3,4.7,"267,821",$4.33 ,9
B07WVFCVJN,Electronics,https://www.amazon.com/gp/offer-listing/B07WVFCVJN/ref=dp_olp_new_mbc?ie=UTF8&amp;condition=all,27,4,4.8,"114,267",$4.44 ,12
B08YT2N5SX,Electronics,https://www.amazon.com/gp/offer-listing/B08YT2N5SX/ref=dp_olp_new_mbc?ie=UTF8&amp;condition=all,1,5,4.7,"267,821",$5.00 ,15
B07TMJ1R3X,Electronics,https://www.amazon.com/gp/offer-listing/B07TMJ1R3X/ref=dp_olp_new_mbc?ie=UTF8&amp;condition=all,1,6,4.6,"100,278",$5.06 ,18
B07X6C9RMF,Electronics,https://www.amazon.com/gp/offer-listing/B07X6C9RMF/ref=dp_olp_new_mbc?ie=UTF8&amp;condition=all,1,7,4.5,"111,650",$5.28 ,21
B08BX7FV5L,Electronics,https://www.amazon.com/gp/offer-listing/B08BX7FV5L/ref=dp_olp_new_mbc?ie=UTF8&amp;condition=all,1,8,4.5,"1,228",$5.51 ,24
B075XLWML4,Electronics,https://www.amazon.com/gp/offer-listing/B075XLWML4/ref=dp_olp_new_mbc?ie=UTF8&amp;condition=all,67,9,4.7,"85,934",$5.75 ,27
B089DR29T6,Electronics,https://www.amazon.com/gp/offer-listing/B089DR29T6/ref=dp_olp_new_mbc?ie=UTF8&amp;condition=all,1,10,,"434,174",$5.77 ,30
B07WDDT3G5,Electronics,https://www.amazon.com/gp/offer-listing/B07WDDT3G5/ref=dp_olp_new_mbc?ie=UTF8&amp;condition=all,1,12,4.7,"83,773",$5.99 ,33
B086DKSHQ4,Electronics,https://www.amazon.com/gp/offer-listing/B086DKSHQ4/ref=dp_olp_new_mbc?ie=UTF8&amp;condition=all,1,13,4.4,"54,100",$6.90 ,36
B08YSYKH19,Electronics,https://www.amazon.com/gp/offer-listing/B08YSYKH19/ref=dp_olp_new_mbc?ie=UTF8&amp;condition=all,1,14,4.7,"267,821",$6.99 ,39
B084J4MZK8,Electronics,https://www.amazon.com/gp/offer-listing/B084J4MZK8/ref=dp_olp_new_mbc?ie=UTF8&amp;condition=all,1,15,4.7,"267,821",$7.34 ,42
B07HZLHPKP,Electronics,https://www.amazon.com/gp/offer-listing/B07HZLHPKP/ref=dp_olp_new_mbc?ie=UTF8&amp;condition=all,1,16,4.6,"395,830",$7.69 ,45
B07CXG6C9W,Electronics,https://www.amazon.com/gp/offer-listing/B07CXG6C9W/ref=dp_olp_new_mbc?ie=UTF8&amp;condition=all,1,17,4.6,"110,685",$7.88 ,48
B07VTK654B,Electronics,https://www.amazon.com/gp/offer-listing/B07VTK654B/ref=dp_olp_new_mbc?ie=UTF8&amp;condition=all,1,18,4,"116,633",$7.98 ,51
B00EB4ADQW,Electronics,https://www.amazon.com/gp/offer-listing/B00EB4ADQW/ref=dp_olp_new_mbc?ie=UTF8&amp;condition=all,32,19,4.8,"59,785",$7.98 ,54
B07W95GZNH,Electronics,https://www.amazon.com/gp/offer-listing/B07W95GZNH/ref=dp_olp_new_mbc?ie=UTF8&amp;condition=all,1,20,4.7,"854,114",$7.99 ,57
B07FPP6TB5,,https://www.amazon.com/gp/offer-listing/B07FPP6TB5/ref=dp_olp_new_mbc?ie=UTF8&amp;condition=all,1,21,4.6,"38,016",$7.99 ,60
B07WQ1VH72,Electronics,https://www.amazon.com/gp/offer-listing/B07WQ1VH72/ref=dp_olp_new_mbc?ie=UTF8&amp;condition=all,1,22,4.6,"100,278",$7.99 ,63
B086DL32R3,Electronics,https://www.amazon.com/gp/offer-listing/B086DL32R3/ref=dp_olp_new_mbc?ie=UTF8&amp;condition=all,1,23,4.4,"54,100",$7.99 ,66
B07Q3T177V,Electronics,https://www.amazon.com/gp/offer-listing/B07Q3T177V/ref=dp_olp_new_mbc?ie=UTF8&amp;condition=all,1,24,4.7,"32,046",$7.99 ,69
B00BWF5U0M,Electronics,https://www.amazon.com/gp/offer-listing/B00BWF5U0M/ref=dp_olp_new_mbc?ie=UTF8&amp;condition=all,9,25,4.6,"72,839",$8.68 ,72
B086DKSYTS,Electronics,https://www.amazon.com/gp/offer-listing/B086DKSYTS/ref=dp_olp_new_mbc?ie=UTF8&amp;condition=all,1,26,4.4,"54,100",$9.00 ,75
B08G9TJWW9,Electronics,https://www.amazon.com/gp/offer-listing/B08G9TJWW9/ref=dp_olp_new_mbc?ie=UTF8&amp;condition=all,63,27,4.7,"11,503",$9.37 ,78
B01FXC7JWQ,Electronics,https://www.amazon.com/gp/offer-listing/B01FXC7JWQ/ref=dp_olp_new_mbc?ie=UTF8&amp;condition=all,21,28,4.6,"23,307",$9.42 ,81
B07DGR98VQ,Electronics,https://www.amazon.com/gp/offer-listing/B07DGR98VQ/ref=dp_olp_new_mbc?ie=UTF8&amp;condition=all,6,29,4.5,"67,379",$9.98 ,84
B07XKF5RM3,Electronics,https://www.amazon.com/gp/offer-listing/B07XKF5RM3/ref=dp_olp_new_mbc?ie=UTF8&amp;condition=all,1,30,4.7,"61,543",$9.98 ,87
B08KY684PB,Electronics,https://www.amazon.com/gp/offer-listing/B08KY684PB/ref=dp_olp_new_mbc?ie=UTF8&amp;condition=all,1,31,4.4,"4,207",$9.98 ,90
B00DOMYL24,Electronics,https://www.amazon.com/gp/offer-listing/B00DOMYL24/ref=dp_olp_new_mbc?ie=UTF8&amp;condition=all,19,32,4.8,"44,320",$9.99 ,93
B091N43KTX,Electronics,https://www.amazon.com/gp/offer-listing/B091N43KTX/ref=dp_olp_new_mbc?ie=UTF8&amp;condition=all,1,33,4.7,"267,821",$9.99 ,96
B07CVL2D2S,Electronics,https://www.amazon.com/gp/offer-listing/B07CVL2D2S/ref=dp_olp_new_mbc?ie=UTF8&amp;condition=all,51,34,4.7,"42,694",$9.99 ,99
B0872FYTWS,Electronics,https://www.amazon.com/gp/offer-listing/B0872FYTWS/ref=dp_olp_new_mbc?ie=UTF8&amp;condition=all,1,35,4.7,"17,175",$9.99 ,102
B08ZN97SWW,Electronics,https://www.amazon.com/gp/offer-listing/B08ZN97SWW/ref=dp_olp_new_mbc?ie=UTF8&amp;condition=all,1,36,4.4,"54,100",$9.99 ,98
B079JD7F7G,Electronics,https://www.amazon.com/gp/offer-listing/B079JD7F7G/ref=dp_olp_new_mbc?ie=UTF8&amp;condition=all,36,37,4.5,"50,866",$9.99 ,108
B07WFLBX6Q,Electronics,https://www.amazon.com/gp/offer-listing/B07WFLBX6Q/ref=dp_olp_new_mbc?ie=UTF8&amp;condition=all,1,38,4.7,"83,773",$10.00 ,9
B07H8WS1FT,Electronics,https://www.amazon.com/gp/offer-listing/B07H8WS1FT/ref=dp_olp_new_mbc?ie=UTF8&amp;condition=all,1,39,4.6,"181,205",$10.00 ,13
B086DKMSSM,Electronics,https://www.amazon.com/gp/offer-listing/B086DKMSSM/ref=dp_olp_new_mbc?ie=UTF8&amp;condition=all,1,40,4.4,"54,100",$10.00 ,25
B015IY34FA,Electronics,https://www.amazon.com/gp/offer-listing/B015IY34FA/ref=dp_olp_new_mbc?ie=UTF8&amp;condition=all,19,41,4.8,"38,743",$10.00 ,17
B07WJS3QDX,Electronics,https://www.amazon.com/gp/offer-listing/B07WJS3QDX/ref=dp_olp_new_mbc?ie=UTF8&amp;condition=all,1,42,4.7,"83,773",$10.00 ,19
B0874YZVWK,Electronics,https://www.amazon.com/gp/offer-listing/B0874YZVWK/ref=dp_olp_new_mbc?ie=UTF8&amp;condition=all,1,43,4.6,"10,691",$10.00 ,22
B08F5LQCYP,Electronics,https://www.amazon.com/gp/offer-listing/B08F5LQCYP/ref=dp_olp_new_mbc?ie=UTF8&amp;condition=all,1,44,4.5,"1,228",$10.00 ,25
B07X27VK3D,Electronics,https://www.amazon.com/gp/offer-listing/B07X27VK3D/ref=dp_olp_new_mbc?ie=UTF8&amp;condition=all,1,45,4.5,"111,650",$10.00 ,27
B07PS737QQ,Electronics,https://www.amazon.com/gp/offer-listing/B07PS737QQ/ref=dp_olp_new_mbc?ie=UTF8&amp;condition=all,1,46,4.6,"110,685",$10.35 ,29
B08J61NFNR,Electronics,https://www.amazon.com/gp/offer-listing/B08J61NFNR/ref=dp_olp_new_mbc?ie=UTF8&amp;condition=all,6,47,4.9,"44,087",$10.98 ,32
B0916TKFF2,Electronics,https://www.amazon.com/gp/offer-listing/B0916TKFF2/ref=dp_olp_new_mbc?ie=UTF8&amp;condition=all,9,48,4.7,727,$10.99 ,34
B086VR9J8Q,Electronics,https://www.amazon.com/gp/offer-listing/B086VR9J8Q/ref=dp_olp_new_mbc?ie=UTF8&amp;condition=all,1,49,4.7,"17,175",$11.40 ,37
B07YGZL8XF,Electronics,https://www.amazon.com/gp/offer-listing/B07YGZL8XF/ref=dp_olp_new_mbc?ie=UTF8&amp;condition=all,32,50,4.8,"7,116",$11.98 ,39
B095NWYQBC,Electronics,https://www.amazon.com/gp/offer-listing/B095NWYQBC/ref=dp_olp_new_mbc?ie=UTF8&amp;condition=all,1,51,5,4,$11.99 ,42
B086VRY8GZ,Electronics,https://www.amazon.com/gp/offer-listing/B086VRY8GZ/ref=dp_olp_new_mbc?ie=UTF8&amp;condition=all,1,52,4.6,"5,826",$12.00 ,44
B071FXZBMV,Electronics,https://www.amazon.com/gp/offer-listing/B071FXZBMV/ref=dp_olp_new_mbc?ie=UTF8&amp;condition=all,2,53,4.5,"33,856",$12.01 ,47
B07FKR6KXF,Electronics,https://www.amazon.com/gp/offer-listing/B07FKR6KXF/ref=dp_olp_new_mbc?ie=UTF8&amp;condition=all,1,54,4.4,"193,908",$12.20 ,49
B084J4KNDS,Electronics,https://www.amazon.com/gp/offer-listing/B084J4KNDS/ref=dp_olp_new_mbc?ie=UTF8&amp;condition=all,1,55,4.7,"267,821",$12.49 ,52
B08F6B347L,Electronics,https://www.amazon.com/gp/offer-listing/B08F6B347L/ref=dp_olp_new_mbc?ie=UTF8&amp;condition=all,1,56,4.5,"1,228",$12.49 ,54
B087RKKXM5,Electronics,https://www.amazon.com/gp/offer-listing/B087RKKXM5/ref=dp_olp_new_mbc?ie=UTF8&amp;condition=all,2,57,4.8,"11,084",$12.71 ,57
B07PF1Y28C,Electronics,https://www.amazon.com/gp/offer-listing/B07PF1Y28C/ref=dp_olp_new_mbc?ie=UTF8&amp;condition=all,1,58,4.7,"222,209",$12.75 ,59
B08DFCWVZ4,Electronics,https://www.amazon.com/gp/offer-listing/B08DFCWVZ4/ref=dp_olp_new_mbc?ie=UTF8&amp;condition=all,10,59,4.4,"12,973",$12.98 ,62
B086VRR9K9,Electronics,https://www.amazon.com/gp/offer-listing/B086VRR9K9/ref=dp_olp_new_mbc?ie=UTF8&amp;condition=all,1,60,4.6,"5,573",$12.99 ,177
B07KGVB6D6,Electronics,https://www.amazon.com/gp/offer-listing/B07KGVB6D6/ref=dp_olp_new_mbc?ie=UTF8&amp;condition=all,1,61,4.6,"47,546",$12.99 ,80
B081RJ8DW1,Electronics,https://www.amazon.com/gp/offer-listing/B081RJ8DW1/ref=dp_olp_new_mbc?ie=UTF8&amp;condition=all,10,62,4.4,"21,080",$12.99 ,183
B08YKGZF7P,Electronics,https://www.amazon.com/gp/offer-listing/B08YKGZF7P/ref=dp_olp_new_mbc?ie=UTF8&amp;condition=all,3,63,4.2,35,$13.00 ,96
B08ZN8JP3G,Electronics,https://www.amazon.com/gp/offer-listing/B08ZN8JP3G/ref=dp_olp_new_mbc?ie=UTF8&amp;condition=all,1,64,4.4,"54,100",$13.22 ,189
B07HZJ64WD,Electronics,https://www.amazon.com/gp/offer-listing/B07HZJ64WD/ref=dp_olp_new_mbc?ie=UTF8&amp;condition=all,1,65,4.6,"395,831",$13.29 ,75
B0148NNKTC,Electronics,https://www.amazon.com/gp/offer-listing/B0148NNKTC/ref=dp_olp_new_mbc?ie=UTF8&amp;condition=all,16,66,4.7,"42,694",$13.50 ,195
B086DKGCFP,Electronics,https://www.amazon.com/gp/offer-listing/B086DKGCFP/ref=dp_olp_new_mbc?ie=UTF8&amp;condition=all,1,67,4.4,"54,100",$13.68 ,198
B08F6DWKQP,Electronics,https://www.amazon.com/gp/offer-listing/B08F6DWKQP/ref=dp_olp_new_mbc?ie=UTF8&amp;condition=all,1,68,4.5,179,$13.88 ,201
B07978J597,Electronics,https://www.amazon.com/gp/offer-listing/B07978J597/ref=dp_olp_new_mbc?ie=UTF8&amp;condition=all,1,69,4.6,"36,144",$13.99 ,204
B07WGL828F,Electronics,https://www.amazon.com/gp/offer-listing/B07WGL828F/ref=dp_olp_new_mbc?ie=UTF8&amp;condition=all,1,70,4.6,"100,279",$13.99 ,207
B08R6S1M1K,Electronics,https://www.amazon.com/gp/offer-listing/B08R6S1M1K/ref=dp_olp_new_mbc?ie=UTF8&amp;condition=all,3,71,4.7,"1,450",$13.99 ,210
B084DCJKSL,Electronics,https://www.amazon.com/gp/offer-listing/B084DCJKSL/ref=dp_olp_new_mbc?ie=UTF8&amp;condition=all,1,72,4.7,314,$14.47 ,213
B07TWFVDWT,Electronics,https://www.amazon.com/gp/offer-listing/B07TWFVDWT/ref=dp_olp_new_mbc?ie=UTF8&amp;condition=all,37,73,4.6,"95,064",$14.63 ,216
B07MVZZV3G,Electronics,https://www.amazon.com/gp/offer-listing/B07MVZZV3G/ref=dp_olp_new_mbc?ie=UTF8&amp;condition=all,7,74,4.8,"39,828",$14.98 ,24
B08F6GPQQ7,Electronics,https://www.amazon.com/gp/offer-listing/B08F6GPQQ7/ref=dp_olp_new_mbc?ie=UTF8&amp;condition=all,1,75,4.5,179,$14.99 ,26
B085WSCTS4,Electronics,https://www.amazon.com/gp/offer-listing/B085WSCTS4/ref=dp_olp_new_mbc?ie=UTF8&amp;condition=all,1,76,4.5,"3,695",$14.99 ,28
B074JT3698,Electronics,https://www.amazon.com/gp/offer-listing/B074JT3698/ref=dp_olp_new_mbc?ie=UTF8&amp;condition=all,1,77,4.5,"10,583",$14.99 ,30
B085TC9N3K,Electronics,https://www.amazon.com/gp/offer-listing/B085TC9N3K/ref=dp_olp_new_mbc?ie=UTF8&amp;condition=all,2,78,4.7,"4,044",$14.99 ,31
B08J65DST5,Electronics,https://www.amazon.com/gp/offer-listing/B08J65DST5/ref=dp_olp_new_mbc?ie=UTF8&amp;condition=all,6,79,4.9,"44,087",$15.00 ,32
B08F6L6HVP,Electronics,https://www.amazon.com/gp/offer-listing/B08F6L6HVP/ref=dp_olp_new_mbc?ie=UTF8&amp;condition=all,1,80,4.5,"1,228",$15.18 ,33
B08YSYKBLV,Electronics,https://www.amazon.com/gp/offer-listing/B08YSYKBLV/ref=dp_olp_new_mbc?ie=UTF8&amp;condition=all,1,81,4.8,"78,639",$15.90 ,34
B08ZN7QCRP,Electronics,https://www.amazon.com/gp/offer-listing/B08ZN7QCRP/ref=dp_olp_new_mbc?ie=UTF8&amp;condition=all,1,82,4.4,"54,100",$15.95 ,35
B07F981R8M,Electronics,https://www.amazon.com/gp/offer-listing/B07F981R8M/ref=dp_olp_new_mbc?ie=UTF8&amp;condition=all,15,83,4.6,"55,688",$15.97 ,36
B08YMBQJ49,Electronics,https://www.amazon.com/gp/offer-listing/B08YMBQJ49/ref=dp_olp_new_mbc?ie=UTF8&amp;condition=all,1,85,4.9,"1,575",$15.97 ,37
B07CCGBB7M,Electronics,https://www.amazon.com/gp/offer-listing/B07CCGBB7M/ref=dp_olp_new_mbc?ie=UTF8&amp;condition=all,2,86,4.7,"34,176",$15.98 ,38
B07GPFDL1K,Electronics,https://www.amazon.com/gp/offer-listing/B07GPFDL1K/ref=dp_olp_new_mbc?ie=UTF8&amp;condition=all,4,87,4.5,"17,939",$15.99 ,39
B07N4DHFZM,Electronics,https://www.amazon.com/gp/offer-listing/B07N4DHFZM/ref=dp_olp_new_mbc?ie=UTF8&amp;condition=all,2,88,4.2,"17,011",$15.99 ,30
B07D25RSWX,Electronics,https://www.amazon.com/gp/offer-listing/B07D25RSWX/ref=dp_olp_new_mbc?ie=UTF8&amp;condition=all,7,89,4.8,"35,734",$15.99 ,30
B08F6FYN6B,Electronics,https://www.amazon.com/gp/offer-listing/B08F6FYN6B/ref=dp_olp_new_mbc?ie=UTF8&amp;condition=all,1,90,4.5,484,$15.99 ,30
B001E1Y5O6,Electronics,https://www.amazon.com/gp/offer-listing/B001E1Y5O6/ref=dp_olp_new_mbc?ie=UTF8&amp;condition=all,5,91,4.8,"21,563",$15.99 ,30
B08BNVQDWT,Electronics,https://www.amazon.com/gp/offer-listing/B08BNVQDWT/ref=dp_olp_new_mbc?ie=UTF8&amp;condition=all,2,92,4.6,"43,363",$16.30 ,270
B072M34RQC,Electronics,https://www.amazon.com/gp/offer-listing/B072M34RQC/ref=dp_olp_new_mbc?ie=UTF8&amp;condition=all,25,93,4.7,"23,209",$16.70 ,273
B01171X0UW,Electronics,https://www.amazon.com/gp/offer-listing/B01171X0UW/ref=dp_olp_new_mbc?ie=UTF8&amp;condition=all,17,94,4.5,"39,606",$16.80 ,276
B08J5Q255V,Electronics,https://www.amazon.com/gp/offer-listing/B08J5Q255V/ref=dp_olp_new_mbc?ie=UTF8&amp;condition=all,5,95,4.9,"44,087",$16.95 ,279
B0758L64L9,Electronics,https://www.amazon.com/gp/offer-listing/B0758L64L9/ref=dp_olp_new_mbc?ie=UTF8&amp;condition=all,1,96,4.6,"23,741",$16.99 ,282
B08N5LNQCX,Electronics,https://www.amazon.com/gp/offer-listing/B08N5LNQCX/ref=dp_olp_new_mbc?ie=UTF8&amp;condition=all,5,97,4.8,"6,599",$16.99 ,285
B079RKX5ZL,Electronics,https://www.amazon.com/gp/offer-listing/B079RKX5ZL/ref=dp_olp_new_mbc?ie=UTF8&amp;condition=all,12,98,4.8,"21,383",$16.99 ,288
B08F58MXQG,Electronics,https://www.amazon.com/gp/offer-listing/B08F58MXQG/ref=dp_olp_new_mbc?ie=UTF8&amp;condition=all,1,99,4.8,"4,617",$16.99 ,291
B08DHDS4T3,Electronics,https://www.amazon.com/gp/offer-listing/B08DHDS4T3/ref=dp_olp_new_mbc?ie=UTF8&amp;condition=all,14,100,4.7,"9,587",$16.99 ,294
B095NWYQBC,Electronics,https://www.amazon.com/gp/offer-listing/B095NWYQBC/ref=dp_olp_new_mbc?ie=UTF8&amp;condition=all,1,51,5,4,$16.99 ,297
B086VRY8GZ,Electronics,https://www.amazon.com/gp/offer-listing/B086VRY8GZ/ref=dp_olp_new_mbc?ie=UTF8&amp;condition=all,1,52,4.6,"5,826",$17.75 ,300
B071FXZBMV,Electronics,https://www.amazon.com/gp/offer-listing/B071FXZBMV/ref=dp_olp_new_mbc?ie=UTF8&amp;condition=all,2,53,4.5,"33,856",$17.90 ,303
B07FKR6KXF,Electronics,https://www.amazon.com/gp/offer-listing/B07FKR6KXF/ref=dp_olp_new_mbc?ie=UTF8&amp;condition=all,1,54,4.4,"193,908",$17.99 ,306
B084J4KNDS,Electronics,https://www.amazon.com/gp/offer-listing/B084J4KNDS/ref=dp_olp_new_mbc?ie=UTF8&amp;condition=all,1,55,4.7,"267,821",$17.99 ,309
B08F6B347L,Electronics,https://www.amazon.com/gp/offer-listing/B08F6B347L/ref=dp_olp_new_mbc?ie=UTF8&amp;condition=all,1,56,4.5,"1,228",$17.99 ,310
B087RKKXM5,Electronics,https://www.amazon.com/gp/offer-listing/B087RKKXM5/ref=dp_olp_new_mbc?ie=UTF8&amp;condition=all,2,57,4.8,"11,084",$18.00 ,311
B07PF1Y28C,Electronics,https://www.amazon.com/gp/offer-listing/B07PF1Y28C/ref=dp_olp_new_mbc?ie=UTF8&amp;condition=all,1,58,4.7,"222,209",$18.00 ,312
B08DFCWVZ4,Electronics,https://www.amazon.com/gp/offer-listing/B08DFCWVZ4/ref=dp_olp_new_mbc?ie=UTF8&amp;condition=all,10,59,4.4,"12,973",$18.35 ,313
B086VRR9K9,Electronics,https://www.amazon.com/gp/offer-listing/B086VRR9K9/ref=dp_olp_new_mbc?ie=UTF8&amp;condition=all,1,60,4.6,"5,573",$18.80 ,314
B07KGVB6D6,Electronics,https://www.amazon.com/gp/offer-listing/B07KGVB6D6/ref=dp_olp_new_mbc?ie=UTF8&amp;condition=all,1,61,4.6,"47,546",$18.88 ,315
B081RJ8DW1,Electronics,https://www.amazon.com/gp/offer-listing/B081RJ8DW1/ref=dp_olp_new_mbc?ie=UTF8&amp;condition=all,10,62,4.4,"21,080",$18.88 ,316
B08YKGZF7P,Electronics,https://www.amazon.com/gp/offer-listing/B08YKGZF7P/ref=dp_olp_new_mbc?ie=UTF8&amp;condition=all,3,63,4.2,35,$18.99 ,317
B08ZN8JP3G,Electronics,https://www.amazon.com/gp/offer-listing/B08ZN8JP3G/ref=dp_olp_new_mbc?ie=UTF8&amp;condition=all,1,64,4.4,"54,100",$18.99 ,318
B07HZJ64WD,Electronics,https://www.amazon.com/gp/offer-listing/B07HZJ64WD/ref=dp_olp_new_mbc?ie=UTF8&amp;condition=all,1,65,4.6,"395,831",$18.99 ,319
B0148NNKTC,Electronics,https://www.amazon.com/gp/offer-listing/B0148NNKTC/ref=dp_olp_new_mbc?ie=UTF8&amp;condition=all,16,66,4.7,"42,694",$18.99 ,342
B086DKGCFP,Electronics,https://www.amazon.com/gp/offer-listing/B086DKGCFP/ref=dp_olp_new_mbc?ie=UTF8&amp;condition=all,1,67,4.4,"54,100",$18.99 ,345
B08F6DWKQP,Electronics,https://www.amazon.com/gp/offer-listing/B08F6DWKQP/ref=dp_olp_new_mbc?ie=UTF8&amp;condition=all,1,68,4.5,179,$18.99 ,348
B07978J597,Electronics,https://www.amazon.com/gp/offer-listing/B07978J597/ref=dp_olp_new_mbc?ie=UTF8&amp;condition=all,1,69,4.6,"36,144",$18.99 ,351
B07WGL828F,Electronics,https://www.amazon.com/gp/offer-listing/B07WGL828F/ref=dp_olp_new_mbc?ie=UTF8&amp;condition=all,1,70,4.6,"100,279",$18.99 ,354
B08R6S1M1K,Electronics,https://www.amazon.com/gp/offer-listing/B08R6S1M1K/ref=dp_olp_new_mbc?ie=UTF8&amp;condition=all,3,71,4.7,"1,450",$19.60 ,157
B084DCJKSL,Electronics,https://www.amazon.com/gp/offer-listing/B084DCJKSL/ref=dp_olp_new_mbc?ie=UTF8&amp;condition=all,1,72,4.7,314,$19.95 ,157
B07TWFVDWT,Electronics,https://www.amazon.com/gp/offer-listing/B07TWFVDWT/ref=dp_olp_new_mbc?ie=UTF8&amp;condition=all,37,73,4.6,"95,064",$19.97 ,157
B07MVZZV3G,Electronics,https://www.amazon.com/gp/offer-listing/B07MVZZV3G/ref=dp_olp_new_mbc?ie=UTF8&amp;condition=all,7,74,4.8,"39,828",$19.97 ,157
B08F6GPQQ7,,https://www.amazon.com/gp/offer-listing/B08F6GPQQ7/ref=dp_olp_new_mbc?ie=UTF8&amp;condition=all,1,75,4.5,179,$19.99 ,157
B085WSCTS4,Electronics,https://www.amazon.com/gp/offer-listing/B085WSCTS4/ref=dp_olp_new_mbc?ie=UTF8&amp;condition=all,1,76,4.5,"3,695",$19.99 ,157
B074JT3698,Electronics,https://www.amazon.com/gp/offer-listing/B074JT3698/ref=dp_olp_new_mbc?ie=UTF8&amp;condition=all,1,77,4.5,"10,583",$19.99 ,157
B085TC9N3K,Electronics,https://www.amazon.com/gp/offer-listing/B085TC9N3K/ref=dp_olp_new_mbc?ie=UTF8&amp;condition=all,2,78,4.7,"4,044",$19.99 ,157
B08J65DST5,Electronics,https://www.amazon.com/gp/offer-listing/B08J65DST5/ref=dp_olp_new_mbc?ie=UTF8&amp;condition=all,6,79,4.9,"44,087",$19.99 ,157
B08F6L6HVP,Electronics,https://www.amazon.com/gp/offer-listing/B08F6L6HVP/ref=dp_olp_new_mbc?ie=UTF8&amp;condition=all,1,80,4.5,"1,228",$19.99 ,157
B08YSYKBLV,Electronics,https://www.amazon.com/gp/offer-listing/B08YSYKBLV/ref=dp_olp_new_mbc?ie=UTF8&amp;condition=all,1,81,4.8,"78,639",$20.00 ,387
B08ZN7QCRP,Electronics,https://www.amazon.com/gp/offer-listing/B08ZN7QCRP/ref=dp_olp_new_mbc?ie=UTF8&amp;condition=all,1,82,4.4,"54,100",$20.00 ,390
B07F981R8M,Electronics,https://www.amazon.com/gp/offer-listing/B07F981R8M/ref=dp_olp_new_mbc?ie=UTF8&amp;condition=all,15,83,4.6,"55,688",$20.00 ,393
B08YMBQJ49,Electronics,https://www.amazon.com/gp/offer-listing/B08YMBQJ49/ref=dp_olp_new_mbc?ie=UTF8&amp;condition=all,1,85,4.9,"1,575",$20.00 ,396
B07CCGBB7M,Electronics,https://www.amazon.com/gp/offer-listing/B07CCGBB7M/ref=dp_olp_new_mbc?ie=UTF8&amp;condition=all,2,86,4.7,"34,176",$20.70 ,399
B07GPFDL1K,Electronics,https://www.amazon.com/gp/offer-listing/B07GPFDL1K/ref=dp_olp_new_mbc?ie=UTF8&amp;condition=all,4,87,4.5,"17,939",$20.99 ,402
B07N4DHFZM,Electronics,https://www.amazon.com/gp/offer-listing/B07N4DHFZM/ref=dp_olp_new_mbc?ie=UTF8&amp;condition=all,2,88,4.2,"17,011",$21.99 ,405
B07D25RSWX,Electronics,https://www.amazon.com/gp/offer-listing/B07D25RSWX/ref=dp_olp_new_mbc?ie=UTF8&amp;condition=all,7,89,4.8,"35,734",$21.99 ,408
B08F6FYN6B,Electronics,https://www.amazon.com/gp/offer-listing/B08F6FYN6B/ref=dp_olp_new_mbc?ie=UTF8&amp;condition=all,1,90,4.5,484,$21.99 ,411
B001E1Y5O6,Electronics,https://www.amazon.com/gp/offer-listing/B001E1Y5O6/ref=dp_olp_new_mbc?ie=UTF8&amp;condition=all,5,91,4.8,"21,563",$21.99 ,414
B08BNVQDWT,Electronics,https://www.amazon.com/gp/offer-listing/B08BNVQDWT/ref=dp_olp_new_mbc?ie=UTF8&amp;condition=all,2,92,4.6,"43,363",$22.86 ,417
B072M34RQC,Electronics,https://www.amazon.com/gp/offer-listing/B072M34RQC/ref=dp_olp_new_mbc?ie=UTF8&amp;condition=all,25,93,4.7,"23,209",$23.13 ,420
B01171X0UW,Electronics,https://www.amazon.com/gp/offer-listing/B01171X0UW/ref=dp_olp_new_mbc?ie=UTF8&amp;condition=all,17,94,4.5,"39,606",$23.35 ,423
B08J5Q255V,Electronics,https://www.amazon.com/gp/offer-listing/B08J5Q255V/ref=dp_olp_new_mbc?ie=UTF8&amp;condition=all,5,95,4.9,"44,087",$23.99 ,426
B0758L64L9,Electronics,https://www.amazon.com/gp/offer-listing/B0758L64L9/ref=dp_olp_new_mbc?ie=UTF8&amp;condition=all,1,96,4.6,"23,741",$24.49 ,429
B08N5LNQCX,Electronics,https://www.amazon.com/gp/offer-listing/B08N5LNQCX/ref=dp_olp_new_mbc?ie=UTF8&amp;condition=all,5,97,4.8,"6,599",$24.99 ,432
B079RKX5ZL,Electronics,https://www.amazon.com/gp/offer-listing/B079RKX5ZL/ref=dp_olp_new_mbc?ie=UTF8&amp;condition=all,12,98,4.8,"21,383",$24.99 ,435
B08F58MXQG,Electronics,https://www.amazon.com/gp/offer-listing/B08F58MXQG/ref=dp_olp_new_mbc?ie=UTF8&amp;condition=all,1,99,4.8,"4,617",$24.99 ,438
B08DHDS4T3,Electronics,https://www.amazon.com/gp/offer-listing/B08DHDS4T3/ref=dp_olp_new_mbc?ie=UTF8&amp;condition=all,14,100,4.7,"9,587",$24.99 ,441
B07LF27WBQ,Clothing Shoes & Jewelry,https://www.amazon.com/gp/offer-listing/B07LF27WBQ/ref=dp_olp_new_mbc?ie=UTF8&amp;condition=all,1,1,4.3,"53,435",$25.00 ,444
B07X1QPRYQ,Clothing Shoes & Jewelry,https://www.amazon.com/gp/offer-listing/B07X1QPRYQ/ref=dp_olp_new_mbc?ie=UTF8&amp;condition=all,4,2,4.4,22,$25.00 ,447
B0749FWLTP,Clothing Shoes & Jewelry,https://www.amazon.com/gp/offer-listing/B0749FWLTP/ref=dp_olp_new_mbc?ie=UTF8&amp;condition=all,1,3,4.4,"65,780",$25.00 ,450
B004DNVP8G,Clothing Shoes & Jewelry,https://www.amazon.com/gp/offer-listing/B004DNVP8G/ref=dp_olp_new_mbc?ie=UTF8&amp;condition=all,2,4,4.6,"44,546",$25.00 ,453
B077ZKF9ZN,Clothing Shoes & Jewelry,https://www.amazon.com/gp/offer-listing/B077ZKF9ZN/ref=dp_olp_new_mbc?ie=UTF8&amp;condition=all,8,5,4.6,"138,451",$25.00 ,456
B08FBL9RML,Clothing Shoes & Jewelry,https://www.amazon.com/gp/offer-listing/B08FBL9RML/ref=dp_olp_new_mbc?ie=UTF8&amp;condition=all,5,6,4.7,"88,140",$25.00 ,459
B0888P5DWX,Clothing Shoes & Jewelry,https://www.amazon.com/gp/offer-listing/B0888P5DWX/ref=dp_olp_new_mbc?ie=UTF8&amp;condition=all,3,7,4.8,"70,500",$25.00 ,462
B07FSDTB22,Clothing Shoes & Jewelry,https://www.amazon.com/gp/offer-listing/B07FSDTB22/ref=dp_olp_new_mbc?ie=UTF8&amp;condition=all,3,8,4.6,"43,986",$25.00 ,465
B07611Y7NN,Clothing Shoes & Jewelry,https://www.amazon.com/gp/offer-listing/B07611Y7NN/ref=dp_olp_new_mbc?ie=UTF8&amp;condition=all,14,9,4.5,"40,632",$25.00 ,468
B009CTUHOY,Clothing Shoes & Jewelry,https://www.amazon.com/gp/offer-listing/B009CTUHOY/ref=dp_olp_new_mbc?ie=UTF8&amp;condition=all,2,10,4.5,"23,788",$25.00 ,471
B07CV7NGSP,Clothing Shoes & Jewelry,https://www.amazon.com/gp/offer-listing/B07CV7NGSP/ref=dp_olp_new_mbc?ie=UTF8&amp;condition=all,1,11,4.3,"33,701",$25.00 ,474
B07TSCZV2P,Clothing Shoes & Jewelry,https://www.amazon.com/gp/offer-listing/B07TSCZV2P/ref=dp_olp_new_mbc?ie=UTF8&amp;condition=all,1,12,4.5,"35,889",$25.00 ,477
B00XKYM3WQ,Clothing Shoes & Jewelry,https://www.amazon.com/gp/offer-listing/B00XKYM3WQ/ref=dp_olp_new_mbc?ie=UTF8&amp;condition=all,1,13,4.6,"28,178",$25.00 ,480
B07CJWMX3C,Clothing Shoes & Jewelry,https://www.amazon.com/gp/offer-listing/B07CJWMX3C/ref=dp_olp_new_mbc?ie=UTF8&amp;condition=all,1,14,4.6,"73,812",$25.00 ,483
B08LQRKGPP,Clothing Shoes & Jewelry,https://www.amazon.com/gp/offer-listing/B08LQRKGPP/ref=dp_olp_new_mbc?ie=UTF8&amp;condition=all,2,15,4.5,"1,302",$25.00 ,486
B071S6GZ1K,Clothing Shoes & Jewelry,https://www.amazon.com/gp/offer-listing/B071S6GZ1K/ref=dp_olp_new_mbc?ie=UTF8&amp;condition=all,21,16,4.6,"80,774",$25.00 ,489
B01N6YAVNM,Clothing Shoes & Jewelry,https://www.amazon.com/gp/offer-listing/B01N6YAVNM/ref=dp_olp_new_mbc?ie=UTF8&amp;condition=all,2,17,4.7,"117,129",$25.00 ,492
B083SG6BDQ,Clothing Shoes & Jewelry,https://www.amazon.com/gp/offer-listing/B083SG6BDQ/ref=dp_olp_new_mbc?ie=UTF8&amp;condition=all,1,18,4.6,"12,383",$25.00 ,495
B08RBHL3HW,Clothing Shoes & Jewelry,https://www.amazon.com/gp/offer-listing/B08RBHL3HW/ref=dp_olp_new_mbc?ie=UTF8&amp;condition=all,2,19,4.3,"13,577",$25.00 ,498
B082PN4WNT,Clothing Shoes & Jewelry,https://www.amazon.com/gp/offer-listing/B082PN4WNT/ref=dp_olp_new_mbc?ie=UTF8&amp;condition=all,1,20,4.1,"7,726",$25.00 ,501
B07Q7YR68X,Clothing Shoes & Jewelry,https://www.amazon.com/gp/offer-listing/B07Q7YR68X/ref=dp_olp_new_mbc?ie=UTF8&amp;condition=all,1,21,4.6,"10,022",$25.00 ,504
B0719SF8JT,Clothing Shoes & Jewelry,https://www.amazon.com/gp/offer-listing/B0719SF8JT/ref=dp_olp_new_mbc?ie=UTF8&amp;condition=all,2,22,4.6,"28,126",$25.35 ,507
B07MF93X2Q,Clothing Shoes & Jewelry,https://www.amazon.com/gp/offer-listing/B07MF93X2Q/ref=dp_olp_new_mbc?ie=UTF8&amp;condition=all,1,23,4.8,"29,552",$25.96 ,510
B095KCDVGV,Clothing Shoes & Jewelry,https://www.amazon.com/gp/offer-listing/B095KCDVGV/ref=dp_olp_new_mbc?ie=UTF8&amp;condition=all,1,24,4.2,"17,334",$25.99 ,513
B08KVSQ9FL,Clothing Shoes & Jewelry,https://www.amazon.com/gp/offer-listing/B08KVSQ9FL/ref=dp_olp_new_mbc?ie=UTF8&amp;condition=all,1,25,4.2,"4,358",$25.99 ,516
B08JPHW2MZ,Clothing Shoes & Jewelry,https://www.amazon.com/gp/offer-listing/B08JPHW2MZ/ref=dp_olp_new_mbc?ie=UTF8&amp;condition=all,1,26,4.6,"26,316",$27.99 ,519
B08F2NKCTZ,Clothing Shoes & Jewelry,https://www.amazon.com/gp/offer-listing/B08F2NKCTZ/ref=dp_olp_new_mbc?ie=UTF8&amp;condition=all,5,27,4.7,"49,613",$28.48 ,522
B000HTILV4,Clothing Shoes & Jewelry,https://www.amazon.com/gp/offer-listing/B000HTILV4/ref=dp_olp_new_mbc?ie=UTF8&amp;condition=all,2,28,4.6,"58,537",$28.95 ,525
B071WLRPXT,Clothing Shoes & Jewelry,https://www.amazon.com/gp/offer-listing/B071WLRPXT/ref=dp_olp_new_mbc?ie=UTF8&amp;condition=all,2,29,4.9,"17,965",$28.97 ,528
B079VSQWRP,Clothing Shoes & Jewelry,https://www.amazon.com/gp/offer-listing/B079VSQWRP/ref=dp_olp_new_mbc?ie=UTF8&amp;condition=all,9,30,4.5,"59,980",$28.99 ,531
B0848Q5PWZ,Clothing Shoes & Jewelry,https://www.amazon.com/gp/offer-listing/B0848Q5PWZ/ref=dp_olp_new_mbc?ie=UTF8&amp;condition=all,1,31,4.6,"29,734",$28.99 ,534
B01I21GQH4,Clothing Shoes & Jewelry,https://www.amazon.com/gp/offer-listing/B01I21GQH4/ref=dp_olp_new_mbc?ie=UTF8&amp;condition=all,23,32,4.4,"20,837",$29.00 ,537
B07VPFWNNZ,Clothing Shoes & Jewelry,https://www.amazon.com/gp/offer-listing/B07VPFWNNZ/ref=dp_olp_new_mbc?ie=UTF8&amp;condition=all,1,33,4.4,"10,400",$29.13 ,540
B08B3GH4K4,Clothing Shoes & Jewelry,https://www.amazon.com/gp/offer-listing/B08B3GH4K4/ref=dp_olp_new_mbc?ie=UTF8&amp;condition=all,1,34,4,"8,514",$29.90 ,543
B08K4NCYYJ,Clothing Shoes & Jewelry,https://www.amazon.com/gp/offer-listing/B08K4NCYYJ/ref=dp_olp_new_mbc?ie=UTF8&amp;condition=all,1,35,4.6,"1,741",$29.99 ,546
B07KL1WLG6,Clothing Shoes & Jewelry,https://www.amazon.com/gp/offer-listing/B07KL1WLG6/ref=dp_olp_new_mbc?ie=UTF8&amp;condition=all,3,36,4.5,"59,521",$31.99 ,549
B07FNK1DM5,Clothing Shoes & Jewelry,https://www.amazon.com/gp/offer-listing/B07FNK1DM5/ref=dp_olp_new_mbc?ie=UTF8&amp;condition=all,1,37,4.4,"29,937",$31.99 ,552
B07RRGWMYJ,Clothing Shoes & Jewelry,https://www.amazon.com/gp/offer-listing/B07RRGWMYJ/ref=dp_olp_new_mbc?ie=UTF8&amp;condition=all,1,38,4.2,"12,645",$32.99 ,555
B01FSCQ1IY,Clothing Shoes & Jewelry,https://www.amazon.com/gp/offer-listing/B01FSCQ1IY/ref=dp_olp_new_mbc?ie=UTF8&amp;condition=all,5,39,4.5,"16,151",$32.99 ,450
B083K3W6VD,Clothing Shoes & Jewelry,https://www.amazon.com/gp/offer-listing/B083K3W6VD/ref=dp_olp_new_mbc?ie=UTF8&amp;condition=all,1,40,4.6,"5,329",$34.99 ,452
B016YKKS1U,Clothing Shoes & Jewelry,https://www.amazon.com/gp/offer-listing/B016YKKS1U/ref=dp_olp_new_mbc?ie=UTF8&amp;condition=all,15,41,4.4,"31,392",$34.99 ,454
B00TS733CS,Clothing Shoes & Jewelry,https://www.amazon.com/gp/offer-listing/B00TS733CS/ref=dp_olp_new_mbc?ie=UTF8&amp;condition=all,2,42,4.8,"23,152",$34.99 ,456
B071R1XTGS,Clothing Shoes & Jewelry,https://www.amazon.com/gp/offer-listing/B071R1XTGS/ref=dp_olp_new_mbc?ie=UTF8&amp;condition=all,2,43,4.5,"43,976",$37.09 ,458
B07PWNL9X2,Clothing Shoes & Jewelry,https://www.amazon.com/gp/offer-listing/B07PWNL9X2/ref=dp_olp_new_mbc?ie=UTF8&amp;condition=all,3,44,4.6,"32,030",$37.50 ,460
B016YKIBHS,Clothing Shoes & Jewelry,https://www.amazon.com/gp/offer-listing/B016YKIBHS/ref=dp_olp_new_mbc?ie=UTF8&amp;condition=all,27,45,4.5,"29,598",$37.50 ,462
B07YXL5HQ4,Clothing Shoes & Jewelry,https://www.amazon.com/gp/offer-listing/B07YXL5HQ4/ref=dp_olp_new_mbc?ie=UTF8&amp;condition=all,2,46,4.7,"30,441",$37.98 ,464
B07HHVCYVJ,Clothing Shoes & Jewelry,https://www.amazon.com/gp/offer-listing/B07HHVCYVJ/ref=dp_olp_new_mbc?ie=UTF8&amp;condition=all,1,47,4.4,"10,664",$39.00 ,466
B07JCJMPVN,Clothing Shoes & Jewelry,https://www.amazon.com/gp/offer-listing/B07JCJMPVN/ref=dp_olp_new_mbc?ie=UTF8&amp;condition=all,2,48,4.6,"66,237",$39.99 ,468
B06XYYS12C,Clothing Shoes & Jewelry,https://www.amazon.com/gp/offer-listing/B06XYYS12C/ref=dp_olp_new_mbc?ie=UTF8&amp;condition=all,1,49,4.5,"15,669",$43.99 ,470
B076831CCJ,Clothing Shoes & Jewelry,https://www.amazon.com/gp/offer-listing/B076831CCJ/ref=dp_olp_new_mbc?ie=UTF8&amp;condition=all,16,50,4.6,"72,937",$44.99 ,472
B0897VN3F2,Clothing Shoes & Jewelry,https://www.amazon.com/gp/offer-listing/B0897VN3F2/ref=dp_olp_new_mbc?ie=UTF8&amp;condition=all,1,51,4.2,"14,223",$44.99 ,474
B083Q4V52T,Clothing Shoes & Jewelry,https://www.amazon.com/gp/offer-listing/B083Q4V52T/ref=dp_olp_new_mbc?ie=UTF8&amp;condition=all,1,52,4,"12,850",$44.99 ,476
B0834WSVKK,Clothing Shoes & Jewelry,https://www.amazon.com/gp/offer-listing/B0834WSVKK/ref=dp_olp_new_mbc?ie=UTF8&amp;condition=all,3,53,4.3,"6,059",$44.99 ,478
B071JDWV4R,Clothing Shoes & Jewelry,https://www.amazon.com/gp/offer-listing/B071JDWV4R/ref=dp_olp_new_mbc?ie=UTF8&amp;condition=all,5,54,4.6,"64,972",$49.95 ,480
B08S34FZKM,Clothing Shoes & Jewelry,https://www.amazon.com/gp/offer-listing/B08S34FZKM/ref=dp_olp_new_mbc?ie=UTF8&amp;condition=all,1,55,4.4,"1,837",$49.99 ,482
B07DY9HLZ8,Clothing Shoes & Jewelry,https://www.amazon.com/gp/offer-listing/B07DY9HLZ8/ref=dp_olp_new_mbc?ie=UTF8&amp;condition=all,1,56,4.4,"23,111",$49.99 ,484
B00KRYLG7U,Clothing Shoes & Jewelry,https://www.amazon.com/gp/offer-listing/B00KRYLG7U/ref=dp_olp_new_mbc?ie=UTF8&amp;condition=all,37,57,4.3,"33,474",$49.99 ,486
B085H738HS,Clothing Shoes & Jewelry,https://www.amazon.com/gp/offer-listing/B085H738HS/ref=dp_olp_new_mbc?ie=UTF8&amp;condition=all,1,58,4.7,"38,791",$49.99 ,488
B086KXKXKW,Clothing Shoes & Jewelry,https://www.amazon.com/gp/offer-listing/B086KXKXKW/ref=dp_olp_new_mbc?ie=UTF8&amp;condition=all,10,59,4.6,"29,802",$49.99 ,490
B07Q8QXSL8,Clothing Shoes & Jewelry,https://www.amazon.com/gp/offer-listing/B07Q8QXSL8/ref=dp_olp_new_mbc?ie=UTF8&amp;condition=all,2,60,4.6,"9,697",$49.99 ,492
B082X4F15R,Clothing Shoes & Jewelry,https://www.amazon.com/gp/offer-listing/B082X4F15R/ref=dp_olp_new_mbc?ie=UTF8&amp;condition=all,1,61,4.3,"7,435",$50.00 ,494
B01IR5KOGE,Clothing Shoes & Jewelry,https://www.amazon.com/gp/offer-listing/B01IR5KOGE/ref=dp_olp_new_mbc?ie=UTF8&amp;condition=all,2,62,4.5,"50,292",$50.00 ,496
B0848Q2226,Clothing Shoes & Jewelry,https://www.amazon.com/gp/offer-listing/B0848Q2226/ref=dp_olp_new_mbc?ie=UTF8&amp;condition=all,1,63,4.6,"25,674",$50.00 ,498
B0872DGGBX,Clothing Shoes & Jewelry,https://www.amazon.com/gp/offer-listing/B0872DGGBX/ref=dp_olp_new_mbc?ie=UTF8&amp;condition=all,3,64,4.7,"12,329",$50.00 ,500
B083FX3XQ5,Clothing Shoes & Jewelry,https://www.amazon.com/gp/offer-listing/B083FX3XQ5/ref=dp_olp_new_mbc?ie=UTF8&amp;condition=all,1,65,4.3,"5,819",$50.00 ,502
B01E6D2NA6,Clothing Shoes & Jewelry,https://www.amazon.com/gp/offer-listing/B01E6D2NA6/ref=dp_olp_new_mbc?ie=UTF8&amp;condition=all,2,66,4.3,"29,913",$50.00 ,504
B077ZL67P2,Clothing Shoes & Jewelry,https://www.amazon.com/gp/offer-listing/B077ZL67P2/ref=dp_olp_new_mbc?ie=UTF8&amp;condition=all,2,67,4.5,"67,431",$50.00 ,506
B07FF4VHV9,Clothing Shoes & Jewelry,https://www.amazon.com/gp/offer-listing/B07FF4VHV9/ref=dp_olp_new_mbc?ie=UTF8&amp;condition=all,1,68,4.2,"20,442",$50.00 ,508
B0101BQV2I,Clothing Shoes & Jewelry,https://www.amazon.com/gp/offer-listing/B0101BQV2I/ref=dp_olp_new_mbc?ie=UTF8&amp;condition=all,2,69,4.1,"66,914",$50.00 ,510
B07SV3K1H5,Clothing Shoes & Jewelry,https://www.amazon.com/gp/offer-listing/B07SV3K1H5/ref=dp_olp_new_mbc?ie=UTF8&amp;condition=all,2,70,4.4,"9,455",$50.00 ,512
B08XW4QX52,Clothing Shoes & Jewelry,https://www.amazon.com/gp/offer-listing/B08XW4QX52/ref=dp_olp_new_mbc?ie=UTF8&amp;condition=all,1,71,4.6,"9,106",$50.00 ,514
B0151E6OUO,Clothing Shoes & Jewelry,https://www.amazon.com/gp/offer-listing/B0151E6OUO/ref=dp_olp_new_mbc?ie=UTF8&amp;condition=all,18,72,4.4,"23,326",$50.00 ,516
B0885Y3J97,Clothing Shoes & Jewelry,https://www.amazon.com/gp/offer-listing/B0885Y3J97/ref=dp_olp_new_mbc?ie=UTF8&amp;condition=all,1,73,4.3,"8,231",$50.00 ,518
B00AKSCZ2S,Clothing Shoes & Jewelry,https://www.amazon.com/gp/offer-listing/B00AKSCZ2S/ref=dp_olp_new_mbc?ie=UTF8&amp;condition=all,4,74,4.4,"33,644",$50.00 ,520
B07TT11TXZ,Clothing Shoes & Jewelry,https://www.amazon.com/gp/offer-listing/B07TT11TXZ/ref=dp_olp_new_mbc?ie=UTF8&amp;condition=all,1,75,4.3,"4,107",$50.00 ,522
B08CNG9Y52,Clothing Shoes & Jewelry,https://www.amazon.com/gp/offer-listing/B08CNG9Y52/ref=dp_olp_new_mbc?ie=UTF8&amp;condition=all,5,76,4.7,"41,926",$50.00 ,524
B07DC2GRJ7,Clothing Shoes & Jewelry,https://www.amazon.com/gp/offer-listing/B07DC2GRJ7/ref=dp_olp_new_mbc?ie=UTF8&amp;condition=all,1,77,4.6,"10,610",$50.00 ,526
B08D98BDT5,Clothing Shoes & Jewelry,https://www.amazon.com/gp/offer-listing/B08D98BDT5/ref=dp_olp_new_mbc?ie=UTF8&amp;condition=all,7,78,4.5,"5,071",$50.00 ,528
B07RQSTQR9,Clothing Shoes & Jewelry,https://www.amazon.com/gp/offer-listing/B07RQSTQR9/ref=dp_olp_new_mbc?ie=UTF8&amp;condition=all,1,79,4.1,"8,269",$50.00 ,530
B0878FM5F7,Clothing Shoes & Jewelry,https://www.amazon.com/gp/offer-listing/B0878FM5F7/ref=dp_olp_new_mbc?ie=UTF8&amp;condition=all,2,80,4.3,"37,966",$50.00 ,532
B073WLZFHP,Clothing Shoes & Jewelry,https://www.amazon.com/gp/offer-listing/B073WLZFHP/ref=dp_olp_new_mbc?ie=UTF8&amp;condition=all,2,81,4.9,"27,054",$50.00 ,550
B07L4CTP75,Clothing Shoes & Jewelry,https://www.amazon.com/gp/offer-listing/B07L4CTP75/ref=dp_olp_new_mbc?ie=UTF8&amp;condition=all,1,82,4.4,"28,547",$50.00 ,551
B00PI5FFJS,Clothing Shoes & Jewelry,https://www.amazon.com/gp/offer-listing/B00PI5FFJS/ref=dp_olp_new_mbc?ie=UTF8&amp;condition=all,2,83,4.5,"20,739",$50.00 ,552
B07T5DTPHL,Clothing Shoes & Jewelry,https://www.amazon.com/gp/offer-listing/B07T5DTPHL/ref=dp_olp_new_mbc?ie=UTF8&amp;condition=all,1,84,4,"6,882",$50.00 ,553
B07XL82ZCP,Clothing Shoes & Jewelry,https://www.amazon.com/gp/offer-listing/B07XL82ZCP/ref=dp_olp_new_mbc?ie=UTF8&amp;condition=all,2,85,4.6,"28,079",$50.00 ,554
B08L8Y43C4,Clothing Shoes & Jewelry,https://www.amazon.com/gp/offer-listing/B08L8Y43C4/ref=dp_olp_new_mbc?ie=UTF8&amp;condition=all,2,86,4.6,"5,764",$50.00 ,555
B07ZD22HKW,Clothing Shoes & Jewelry,https://www.amazon.com/gp/offer-listing/B07ZD22HKW/ref=dp_olp_new_mbc?ie=UTF8&amp;condition=all,1,87,4.3,"4,943",$50.00 ,556
B085NRF1FR,Clothing Shoes & Jewelry,https://www.amazon.com/gp/offer-listing/B085NRF1FR/ref=dp_olp_new_mbc?ie=UTF8&amp;condition=all,1,88,4,"7,571",$50.00 ,557
B086QN7BBQ,Clothing Shoes & Jewelry,https://www.amazon.com/gp/offer-listing/B086QN7BBQ/ref=dp_olp_new_mbc?ie=UTF8&amp;condition=all,1,89,4.8,"55,550",$50.00 ,558
B06XWNQGD4,Clothing Shoes & Jewelry,https://www.amazon.com/gp/offer-listing/B06XWNQGD4/ref=dp_olp_new_mbc?ie=UTF8&amp;condition=all,2,90,4.5,"19,038",$50.00 ,559
B082R61V9K,Clothing Shoes & Jewelry,https://www.amazon.com/gp/offer-listing/B082R61V9K/ref=dp_olp_new_mbc?ie=UTF8&amp;condition=all,2,91,4.2,"16,854",$50.00 ,560
B089NLB7BH,Clothing Shoes & Jewelry,https://www.amazon.com/gp/offer-listing/B089NLB7BH/ref=dp_olp_new_mbc?ie=UTF8&amp;condition=all,1,92,4.4,"12,655",$50.00 ,561
B08B186P6J,Clothing Shoes & Jewelry,https://www.amazon.com/gp/offer-listing/B08B186P6J/ref=dp_olp_new_mbc?ie=UTF8&amp;condition=all,1,93,4.5,"8,719",$50.00 ,562
B00GFIV5YQ,Clothing Shoes & Jewelry,https://www.amazon.com/gp/offer-listing/B00GFIV5YQ/ref=dp_olp_new_mbc?ie=UTF8&amp;condition=all,2,94,4.6,"5,413",$50.00 ,563
B07R29C46G,Clothing Shoes & Jewelry,https://www.amazon.com/gp/offer-listing/B07R29C46G/ref=dp_olp_new_mbc?ie=UTF8&amp;condition=all,1,95,4.7,"20,014",$50.00 ,564
B07FN2DPK9,Clothing Shoes & Jewelry,https://www.amazon.com/gp/offer-listing/B07FN2DPK9/ref=dp_olp_new_mbc?ie=UTF8&amp;condition=all,1,96,4.8,"4,860",$50.00 ,565
B0831FLG95,Clothing Shoes & Jewelry,https://www.amazon.com/gp/offer-listing/B0831FLG95/ref=dp_olp_new_mbc?ie=UTF8&amp;condition=all,1,97,4.3,"13,177",$50.00 ,566
B07DWYJMGQ,Clothing Shoes & Jewelry,https://www.amazon.com/gp/offer-listing/B07DWYJMGQ/ref=dp_olp_new_mbc?ie=UTF8&amp;condition=all,1,98,4.3,"12,639",$50.00 ,567
B07FT8XLFS,Clothing Shoes & Jewelry,https://www.amazon.com/gp/offer-listing/B07FT8XLFS/ref=dp_olp_new_mbc?ie=UTF8&amp;condition=all,1,99,4.4,"13,828",$50.00 ,568
B07WNS1ZRY,Clothing Shoes & Jewelry,https://www.amazon.com/gp/offer-listing/B07WNS1ZRY/ref=dp_olp_new_mbc?ie=UTF8&amp;condition=all,18,100,4.6,"16,993",$50.00 ,569
B00IX1I3G6,Gift Cards,https://www.amazon.com/gp/offer-listing/B00IX1I3G6/ref=dp_olp_new_mbc?ie=UTF8&amp;condition=all,1,1,4.6,"313,938",$50.00 ,570
B07TMNGSN4,Gift Cards,https://www.amazon.com/gp/offer-listing/B07TMNGSN4/ref=dp_olp_new_mbc?ie=UTF8&amp;condition=all,1,2,4.8,"721,690",$50.00 ,571
B004LLIKVU,Gift Cards,https://www.amazon.com/gp/offer-listing/B004LLIKVU/ref=dp_olp_new_mbc?ie=UTF8&amp;condition=all,1,3,4.8,"721,690",$50.00 ,572
B07PCMWTSG,Gift Cards,https://www.amazon.com/gp/offer-listing/B07PCMWTSG/ref=dp_olp_new_mbc?ie=UTF8&amp;condition=all,1,4,4.8,"721,690",$50.00 ,573
B08F3C99KN,Gift Cards,https://www.amazon.com/gp/offer-listing/B08F3C99KN/ref=dp_olp_new_mbc?ie=UTF8&amp;condition=all,1,5,4.8,"22,185",$50.00 ,574
B06WVJBLBQ,Gift Cards,https://www.amazon.com/gp/offer-listing/B06WVJBLBQ/ref=dp_olp_new_mbc?ie=UTF8&amp;condition=all,1,6,4.9,"74,543",$50.00 ,575
B07WYVVM9G,Gift Cards,https://www.amazon.com/gp/offer-listing/B07WYVVM9G/ref=dp_olp_new_mbc?ie=UTF8&amp;condition=all,1,7,4.8,"721,690",$50.00 ,576
B07TMNH4N1,Gift Cards,https://www.amazon.com/gp/offer-listing/B07TMNH4N1/ref=dp_olp_new_mbc?ie=UTF8&amp;condition=all,1,8,4.8,"91,384",$50.00 ,577
B01FIS88SY,Gift Cards,https://www.amazon.com/gp/offer-listing/B01FIS88SY/ref=dp_olp_new_mbc?ie=UTF8&amp;condition=all,1,9,4.8,"721,690",$50.00 ,578
B086FNYH28,Gift Cards,https://www.amazon.com/gp/offer-listing/B086FNYH28/ref=dp_olp_new_mbc?ie=UTF8&amp;condition=all,1,10,4.8,"721,690",$50.00 ,579
B06ZY43PDR,Gift Cards,https://www.amazon.com/gp/offer-listing/B06ZY43PDR/ref=dp_olp_new_mbc?ie=UTF8&amp;condition=all,1,11,4.9,"26,102",$50.00 ,580
B074T91QTZ,Gift Cards,https://www.amazon.com/gp/offer-listing/B074T91QTZ/ref=dp_olp_new_mbc?ie=UTF8&amp;condition=all,1,12,4.5,"25,340",$50.00 ,581
B01K8RMDO0,Gift Cards,https://www.amazon.com/gp/offer-listing/B01K8RMDO0/ref=dp_olp_new_mbc?ie=UTF8&amp;condition=all,1,13,4.9,"62,352",$50.00 ,582
B072F9T6VX,Gift Cards,https://www.amazon.com/gp/offer-listing/B072F9T6VX/ref=dp_olp_new_mbc?ie=UTF8&amp;condition=all,1,14,4.9,"50,571",$50.00 ,583
B08ZKYS7XT,Gift Cards,https://www.amazon.com/gp/offer-listing/B08ZKYS7XT/ref=dp_olp_new_mbc?ie=UTF8&amp;condition=all,1,15,4.8,"721,690",$50.00 ,584
B07MB4HN9X,Gift Cards,https://www.amazon.com/gp/offer-listing/B07MB4HN9X/ref=dp_olp_new_mbc?ie=UTF8&amp;condition=all,1,16,4.8,"721,690",$50.00 ,585
B094Q7RNLV,Gift Cards,https://www.amazon.com/gp/offer-listing/B094Q7RNLV/ref=dp_olp_new_mbc?ie=UTF8&amp;condition=all,1,17,4.8,"721,690",$50.00 ,586
B01N9GY4GF,Gift Cards,https://www.amazon.com/gp/offer-listing/B01N9GY4GF/ref=dp_olp_new_mbc?ie=UTF8&amp;condition=all,1,18,4.9,"9,381",$50.00 ,587
B01C9MW8Z6,Gift Cards,https://www.amazon.com/gp/offer-listing/B01C9MW8Z6/ref=dp_olp_new_mbc?ie=UTF8&amp;condition=all,1,19,4.9,"37,588",$50.00 ,588
B07J4JGMD9,Gift Cards,https://www.amazon.com/gp/offer-listing/B07J4JGMD9/ref=dp_olp_new_mbc?ie=UTF8&amp;condition=all,1,20,4.8,"721,690",$50.00 ,589
B01N5TMK8I,Gift Cards,https://www.amazon.com/gp/offer-listing/B01N5TMK8I/ref=dp_olp_new_mbc?ie=UTF8&amp;condition=all,1,21,4.8,"20,874",$50.00 ,590
B07MP6B4Y5,Gift Cards,https://www.amazon.com/gp/offer-listing/B07MP6B4Y5/ref=dp_olp_new_mbc?ie=UTF8&amp;condition=all,1,22,4.8,"721,690",$50.00 ,591
B07TLL1H7F,Gift Cards,https://www.amazon.com/gp/offer-listing/B07TLL1H7F/ref=dp_olp_new_mbc?ie=UTF8&amp;condition=all,1,23,4.8,"721,690",$54.95 ,592
B07WYVVY2Z,Gift Cards,https://www.amazon.com/gp/offer-listing/B07WYVVY2Z/ref=dp_olp_new_mbc?ie=UTF8&amp;condition=all,1,24,4.8,"91,384",$54.95 ,593
B00BWDH368,Gift Cards,https://www.amazon.com/gp/offer-listing/B00BWDH368/ref=dp_olp_new_mbc?ie=UTF8&amp;condition=all,1,25,4.8,"721,690",$57.99 ,594
B07P76HM3B,Gift Cards,https://www.amazon.com/gp/offer-listing/B07P76HM3B/ref=dp_olp_new_mbc?ie=UTF8&amp;condition=all,1,26,4.8,"91,384",$59.99 ,595
B077T9WSSN,Gift Cards,https://www.amazon.com/gp/offer-listing/B077T9WSSN/ref=dp_olp_new_mbc?ie=UTF8&amp;condition=all,1,27,4.9,"74,543",$59.99 ,596
B07GH7JZ91,Gift Cards,https://www.amazon.com/gp/offer-listing/B07GH7JZ91/ref=dp_olp_new_mbc?ie=UTF8&amp;condition=all,1,28,4.7,"2,954",$59.99 ,597
B08F3BV69X,Gift Cards,https://www.amazon.com/gp/offer-listing/B08F3BV69X/ref=dp_olp_new_mbc?ie=UTF8&amp;condition=all,1,29,4.8,"22,185",$59.99 ,598
B08F6WL18F,Gift Cards,https://www.amazon.com/gp/offer-listing/B08F6WL18F/ref=dp_olp_new_mbc?ie=UTF8&amp;condition=all,1,30,4.8,"721,690",$59.99 ,599
B0866RXCBJ,Gift Cards,https://www.amazon.com/gp/offer-listing/B0866RXCBJ/ref=dp_olp_new_mbc?ie=UTF8&amp;condition=all,1,31,4.9,"37,588",$64.99 ,600
B07HJD9FVV,Gift Cards,https://www.amazon.com/gp/offer-listing/B07HJD9FVV/ref=dp_olp_new_mbc?ie=UTF8&amp;condition=all,1,32,4.7,"8,756",$74.99 ,601
B07Y93TM8M,Gift Cards,https://www.amazon.com/gp/offer-listing/B07Y93TM8M/ref=dp_olp_new_mbc?ie=UTF8&amp;condition=all,1,33,4.9,"74,543",$79.99 ,602
B094Q23VHC,Gift Cards,https://www.amazon.com/gp/offer-listing/B094Q23VHC/ref=dp_olp_new_mbc?ie=UTF8&amp;condition=all,1,34,4.8,"721,690",$79.99 ,603
B01IE42ST4,Gift Cards,https://www.amazon.com/gp/offer-listing/B01IE42ST4/ref=dp_olp_new_mbc?ie=UTF8&amp;condition=all,1,35,4.9,"8,636",$88.34 ,604
B07C68264W,Gift Cards,https://www.amazon.com/gp/offer-listing/B07C68264W/ref=dp_olp_new_mbc?ie=UTF8&amp;condition=all,1,36,4.8,"721,690",$89.99 ,605
B071Z6YP6N,Gift Cards,https://www.amazon.com/gp/offer-listing/B071Z6YP6N/ref=dp_olp_new_mbc?ie=UTF8&amp;condition=all,1,37,4.8,"721,690",$89.99 ,606
B08ZKWS7CK,Gift Cards,https://www.amazon.com/gp/offer-listing/B08ZKWS7CK/ref=dp_olp_new_mbc?ie=UTF8&amp;condition=all,1,38,4.8,"91,384",$89.99 ,607
B07DDC8FJM,Gift Cards,https://www.amazon.com/gp/offer-listing/B07DDC8FJM/ref=dp_olp_new_mbc?ie=UTF8&amp;condition=all,1,39,4.8,"7,247",$89.99 ,608
B06WVJBVT4,Gift Cards,https://www.amazon.com/gp/offer-listing/B06WVJBVT4/ref=dp_olp_new_mbc?ie=UTF8&amp;condition=all,1,40,4.9,"62,352",$89.99 ,609
B07X1HK6GC,Gift Cards,https://www.amazon.com/gp/offer-listing/B07X1HK6GC/ref=dp_olp_new_mbc?ie=UTF8&amp;condition=all,1,41,4.8,"721,690",$89.99 ,610
B08CYVQ9BK,Gift Cards,https://www.amazon.com/gp/offer-listing/B08CYVQ9BK/ref=dp_olp_new_mbc?ie=UTF8&amp;condition=all,1,42,4.8,"721,690",$89.99 ,611
B00BWDH3VS,Gift Cards,https://www.amazon.com/gp/offer-listing/B00BWDH3VS/ref=dp_olp_new_mbc?ie=UTF8&amp;condition=all,1,43,4.8,"721,689",$99.99 ,612
B07ZDX292M,Gift Cards,https://www.amazon.com/gp/offer-listing/B07ZDX292M/ref=dp_olp_new_mbc?ie=UTF8&amp;condition=all,1,44,4.8,"9,182",$99.99 ,613
B0145WHDQ2,Gift Cards,https://www.amazon.com/gp/offer-listing/B0145WHDQ2/ref=dp_olp_new_mbc?ie=UTF8&amp;condition=all,1,45,4.8,"721,690",$99.99 ,614
